time/episodes,time/total timesteps,rollout/ep_len_mean,rollout/ep_rew_mean,rollout/success rate,time/time_elapsed,time/fps,train/n_updates,train/learning_rate,train/critic_loss,train/actor_loss
558,2006695,3609.6,-18327.19279546,0.0,43,45679,,,,
559,2010695,3609.6,-18568.413000859997,0.0,139,14454,1846695,0.001,685.3936635589599,532.9828403015136
560,2014695,3609.6,-18656.020174690002,0.0,231,8691,1850695,0.001,677.302400970459,532.5346311950684
561,2018695,3609.6,-18560.75663632,0.0,323,6235,1854695,0.001,682.9855262908935,531.2651793518066
562,2022695,3609.6,-18422.7021026,0.0,415,4868,1858695,0.001,683.3917024993897,531.4146987609863
563,2026695,3609.6,-18464.83969781,0.0,508,3988,1862695,0.001,689.7130057373047,529.2041121368409
564,2030695,3646.31,-18524.46656377,0.0,599,3386,1866695,0.001,684.247384185791,529.4237408447266
565,2034695,3646.31,-18444.656577219997,0.0,696,2920,1870695,0.001,689.5906421813964,530.7237142028808
566,2038695,3684.6,-18790.950130209996,0.0,798,2552,1874695,0.001,686.1058157348633,533.8807952880859
567,2039941,3657.06,-18450.54341404,0.0,863,2362,1878695,0.001,674.0054765472412,534.0498776550293
568,2043941,3657.06,-18425.1749215,0.0,923,2213,1879941,0.001,684.4421840808557,534.3079865334696
569,2047941,3657.06,-18384.768518320005,0.0,1016,2014,1883941,0.001,690.2640560913086,534.7026891174316
570,2048142,3619.07,-18101.79504931,0.0,1071,1911,1887941,0.001,693.4752670898438,538.5075431213379
571,2052142,3621.31,-18206.44084053,0.0,1119,1833,1888142,0.001,684.9133996156911,538.3170546729966
572,2056142,3621.31,-18174.16544781,0.0,1214,1692,1892142,0.001,694.6352545318604,541.9825210876464
573,2060142,3639.68,-18228.98080929,0.0,1308,1574,1896142,0.001,722.349886932373,544.5281698608399
574,2064142,3673.51,-18539.959181790004,0.0,1404,1469,1900142,0.001,721.5001924133301,544.5783462219239
575,2068142,3673.51,-18439.54512397,0.0,1497,1381,1904142,0.001,702.5971260223389,541.8832851257324
576,2071742,3669.51,-18538.974037500004,0.0,1588,1304,1908142,0.001,713.933452911377,539.8932882080078
577,2075742,3669.51,-18192.02847914,0.0,1674,1239,1911742,0.001,724.3712145826552,541.6215137396919
578,2079742,3669.51,-18199.591432950005,0.0,1767,1176,1915742,0.001,704.27687991333,540.5617811584473
579,2083742,3671.91,-18355.31801968,0.0,1861,1119,1919742,0.001,702.4646188659668,539.8533006591797
580,2087167,3666.16,-18361.17021166,0.0,1947,1071,1923742,0.001,720.9734679870605,540.1557030944824
581,2091167,3666.16,-18388.82077073,0.0,2034,1027,1927167,0.001,720.1289445105782,541.393699253831
582,2095167,3696.09,-18720.232967170003,0.0,2132,982,1931167,0.001,717.9972490997314,542.8398933105469
583,2099167,3696.09,-18572.87223476,0.0,2225,943,1935167,0.001,713.41601121521,545.7733317565918
584,2102320,3687.62,-18816.76710312,0.0,2314,908,1939167,0.001,723.7596995239257,546.743524810791
585,2105883,3691.16,-18737.366752540005,0.0,2390,880,1942320,0.001,730.6715422780635,549.7516183798723
586,2109883,3691.16,-18821.204530400002,0.0,2479,850,1945883,0.001,741.5102070892189,552.2154780221347
587,2113883,3691.16,-18777.14152385,0.0,2572,821,1949883,0.001,737.1726200256347,552.8848200378418
588,2117883,3691.16,-18787.19326786,0.0,2672,792,1953883,0.001,740.454071182251,555.0787602539062
589,2121883,3691.16,-18608.55882091,0.0,2766,767,1957883,0.001,732.3757565917969,559.1271662902832
590,2125883,3711.26,-18674.38144234,0.0,2858,743,1961883,0.001,727.3489705810547,559.2341047668457
591,2129883,3745.0,-18853.11028469,0.0,2951,721,1965883,0.001,746.1170629577637,561.7290009155273
592,2133883,3745.0,-18648.74546736,0.0,3042,701,1969883,0.001,781.02885105896,565.9210251464843
593,2137883,3745.0,-18683.44630159,0.0,3134,682,1973883,0.001,727.1933053283691,565.8989057617188
594,2141883,3745.0,-18529.567817590003,0.0,3226,663,1977883,0.001,720.7221244506836,566.0412536621094
595,2145883,3745.0,-18287.577978630005,0.0,3317,646,1981883,0.001,725.3750958862305,566.3827052001953
596,2149883,3745.0,-18472.678330060004,0.0,3417,629,1985883,0.001,719.1352740020752,565.149596282959
597,2153883,3745.0,-18433.947726870003,0.0,3509,613,1989883,0.001,711.4810062408447,566.9297247924804
598,2154370,3709.87,-18377.49575922,0.0,3567,603,1993883,0.001,710.3425742645263,566.0973606872559
599,2158370,3709.87,-18379.734609749998,0.0,3615,597,1994370,0.001,701.5614779431228,565.3921721411533
600,2162370,3709.87,-18330.12011526,0.0,3707,583,1998370,0.001,716.2213573913574,566.4501993408203
601,2166370,3709.87,-18419.840160390002,0.0,3799,570,2002370,0.001,723.1427767944336,564.1322467956543
602,2170132,3707.49,-18652.25555211,0.0,3892,557,2006370,0.001,718.8982299346924,564.967426147461
603,2174132,3707.49,-18493.11320166,0.0,3979,546,2010132,0.001,694.6205154573074,563.0981439796298
604,2178132,3707.49,-18696.516244399998,0.0,4076,534,2014132,0.001,705.1002808380127,561.7915000610352
605,2182132,3707.49,-18937.43308799,0.0,4171,523,2018132,0.001,691.9137425537109,561.9079378662109
606,2186132,3707.49,-18975.211470039998,0.0,4266,512,2022132,0.001,695.0338442382813,561.2459372863769
607,2190132,3707.49,-19059.914249100002,0.0,4359,502,2026132,0.001,704.0417173614502,560.3071250305176
608,2190507,3671.24,-18692.157415560003,0.0,4416,496,2030132,0.001,701.2169303894043,559.3079520263672
609,2191273,3638.9,-18505.25531825,0.0,4431,494,2030507,0.001,686.8716486002604,558.6103078260779
610,2195273,3638.9,-18389.644515480002,0.0,4482,489,2031273,0.001,693.3509570886199,557.8665105356561
611,2197846,3624.63,-18365.45391173,0.0,4558,482,2035273,0.001,699.5995270233154,556.1624848327637
612,2201846,3648.7,-18416.594257650002,0.0,4633,475,2037846,0.001,704.2138911223902,552.9480601727917
613,2205846,3648.7,-18302.659187650002,0.0,4725,466,2041846,0.001,708.2073137664795,552.7498597717286
614,2206219,3612.43,-18268.40278968,0.0,4781,461,2045846,0.001,682.7459943389892,550.8141473693847
615,2210219,3632.61,-18412.629059889998,0.0,4831,457,2046219,0.001,666.937525854034,549.5657509424353
616,2214219,3632.61,-18349.467033409997,0.0,4923,449,2050219,0.001,692.1974976043701,550.0934927673339
617,2214270,3593.12,-18151.62056611,0.0,4977,444,2054219,0.001,688.3765696105957,548.0405535583496
618,2218270,3593.12,-18182.72795895,0.0,5019,441,2054270,0.001,669.2618874942555,546.0253225473257
619,2222270,3593.12,-18076.930082720002,0.0,5112,434,2058270,0.001,686.425958267212,545.348031829834
620,2222332,3553.74,-18017.388558360002,0.0,5165,430,2062270,0.001,692.317815826416,546.5524700622559
621,2226332,3553.74,-17950.99797235,0.0,5209,427,2062332,0.001,677.4330779044859,547.2373578471522
622,2230332,3553.74,-17737.39755915,0.0,5300,420,2066332,0.001,695.9516554412842,545.7696845092773
623,2234332,3553.74,-17783.13976017,0.0,5391,414,2070332,0.001,698.2446028442383,544.9865661315918
624,2238332,3553.74,-17930.11149192,0.0,5484,408,2074332,0.001,693.5157109680176,544.7846486206055
625,2242332,3553.74,-18259.78630706,0.0,5582,401,2078332,0.001,674.2986402587891,542.303302368164
626,2243349,3523.91,-17881.334091959998,0.0,5645,397,2082332,0.001,690.5938071594238,543.0304783325196
627,2246568,3541.96,-18057.738900570002,0.0,5693,394,2083349,0.001,685.1646303610113,542.1361735186239
628,2250568,3541.96,-18082.49088053,0.0,5775,389,2086568,0.001,684.9488627589908,542.7108037913068
629,2254568,3541.96,-18102.68826167,0.0,5876,383,2090568,0.001,685.7968119049073,542.234432800293
630,2258568,3580.11,-18152.488182049998,0.0,5967,378,2094568,0.001,670.293490158081,540.900799987793
631,2259952,3553.95,-17854.780685659996,0.0,6033,374,2098568,0.001,690.3690754241943,539.5659441833496
632,2263952,3553.95,-17705.62448193,0.0,6093,371,2099952,0.001,684.7383424615584,539.5531255468468
633,2267952,3553.95,-17758.49808221,0.0,6188,366,2103952,0.001,689.9834011993408,539.5457252197266
634,2271952,3553.95,-17882.66778104,0.0,6282,361,2107952,0.001,691.5857293548584,540.1666970214844
635,2275952,3553.95,-18017.90748215,0.0,6379,356,2111952,0.001,697.0174431915283,538.9037624206543
636,2279952,3553.95,-17854.06266753,0.0,6470,352,2115952,0.001,696.513252822876,539.986619934082
637,2283952,3553.95,-17531.704002630002,0.0,6561,348,2119952,0.001,687.9051231079102,539.6045760498047
638,2287952,3581.07,-17532.58376918,0.0,6652,343,2123952,0.001,680.6070155792237,536.6055774536133
639,2291952,3581.07,-17247.460370729998,0.0,6744,339,2127952,0.001,692.8410277709961,537.0505834960937
640,2295952,3581.07,-17351.78544707,0.0,6838,335,2131952,0.001,686.1787345275878,536.1096784667968
641,2299952,3581.07,-17367.728452460004,0.0,6931,331,2135952,0.001,702.315612121582,536.7201944885254
642,2303952,3581.07,-17507.77974853,0.0,7029,327,2139952,0.001,692.4254849853515,537.5021959533691
643,2307952,3581.07,-17380.98052531,0.0,7123,323,2143952,0.001,684.6622704620361,536.9484702758789
644,2311952,3581.07,-17123.54033965,0.0,7215,320,2147952,0.001,702.3634618530274,538.3009447631836
645,2315952,3581.07,-17173.02387305,0.0,7309,316,2151952,0.001,677.3567938995361,537.6373011169434
646,2319952,3581.07,-17338.321636899997,0.0,7407,313,2155952,0.001,694.6555200805664,536.3145294799805
647,2323952,3581.07,-17368.944212079998,0.0,7502,309,2159952,0.001,688.2632822418213,535.9210699462891
648,2326696,3568.51,-17234.839702269997,0.0,7583,306,2163952,0.001,679.9164479827881,534.7378532104492
649,2330696,3568.51,-17244.851086259998,0.0,7665,304,2166696,0.001,692.6234640449546,532.2891751837104
650,2332975,3582.8,-17366.77864513,0.0,7741,301,2170696,0.001,691.7113571166992,534.193658416748
651,2336975,3582.8,-17351.553422369998,0.0,7815,299,2172975,0.001,694.947435687853,534.0025102114656
652,2340975,3582.8,-17407.94001399,0.0,7907,296,2176975,0.001,716.584469833374,532.7930018920898
653,2344975,3582.8,-17368.46157576,0.0,7999,293,2180975,0.001,708.9814557647705,534.4885166931152
654,2348975,3582.8,-17272.558528399997,0.0,8091,290,2184975,0.001,692.8687313079834,534.8584225463867
655,2349874,3551.79,-17219.49929996,0.0,8153,288,2188975,0.001,699.849001739502,534.9600598754882
656,2353874,3551.79,-16850.31708955,0.0,8205,286,2189874,0.001,669.0616670975563,534.612727186415
657,2357874,3551.79,-16961.95619976,0.0,8300,284,2193874,0.001,678.6546719665528,533.7600373229981
658,2361874,3551.79,-16927.5221704,0.0,8393,281,2197874,0.001,681.8622309570312,534.3298001098633
659,2365874,3551.79,-16809.56504006,0.0,8486,278,2201874,0.001,698.8997312164306,533.3923063964844
660,2369874,3551.79,-16713.2322098,0.0,8576,276,2205874,0.001,672.5979074401855,533.3396450805664
661,2373874,3551.79,-16734.37895829,0.0,8669,273,2209874,0.001,679.7519159393311,531.411398010254
662,2374320,3516.25,-16635.104370549998,0.0,8727,272,2213874,0.001,673.6602665405273,532.1411109924317
663,2377147,3504.52,-16522.49669994,0.0,8762,271,2214320,0.001,664.9779326434627,531.242608450988
664,2381147,3504.52,-16712.38655649,0.0,8843,269,2217147,0.001,692.7626185381754,529.5543616336031
665,2385147,3504.52,-16490.654451690003,0.0,8935,266,2221147,0.001,678.8616225585937,526.7868116302491
666,2389147,3504.52,-16287.40063201,0.0,9028,264,2225147,0.001,681.4094499511718,524.673404510498
667,2391069,3511.28,-16279.33597228,0.0,9100,262,2229147,0.001,679.3389023742676,524.2271222686768
668,2395069,3511.28,-16406.28595067,0.0,9178,260,2231069,0.001,699.6617952122524,523.2584660398104
669,2399069,3511.28,-16295.97430133,0.0,9270,258,2235069,0.001,672.2875841064454,525.0507995300293
670,2403069,3549.27,-16424.78651161,0.0,9362,256,2239069,0.001,682.5349984436035,524.2640174865722
671,2407069,3549.27,-16563.78294632,0.0,9459,254,2243069,0.001,693.1908575439453,526.0848179321289
672,2411069,3549.27,-16621.24498951,0.0,9553,252,2247069,0.001,697.9492192687989,528.333393951416
673,2415069,3549.27,-16547.522025719998,0.0,9645,250,2251069,0.001,684.9755608673096,524.3152864685059
674,2418896,3547.54,-16290.232488130001,0.0,9735,248,2255069,0.001,688.0744776306152,523.5561668548584
675,2422896,3547.54,-16308.724208169999,0.0,9827,246,2258896,0.001,706.4318474619326,523.6836355881009
676,2426896,3551.54,-16183.728353800001,0.0,9920,244,2262896,0.001,701.2448113861084,524.9046149749756
677,2430356,3546.14,-16157.159792179998,0.0,10005,242,2266896,0.001,709.2277600860596,524.4346353759765
678,2434356,3546.14,-16422.72726574,0.0,10097,241,2270356,0.001,694.930711444127,522.951507374317
679,2438356,3546.14,-16331.566822589999,0.0,10189,239,2274356,0.001,678.9234975585938,521.9613459014893
680,2442356,3551.89,-16612.17253558,0.0,10291,237,2278356,0.001,698.2788278656005,519.5082074890137
681,2446356,3551.89,-16499.99760912,0.0,10384,235,2282356,0.001,709.4925192871094,522.5200911865235
682,2450356,3551.89,-16233.181568060001,0.0,10475,233,2286356,0.001,688.0913993530273,520.983991317749
683,2450711,3515.44,-15993.92994664,0.0,10532,232,2290356,0.001,700.6971302032471,517.9479504699707
684,2454711,3523.91,-15803.43441856,0.0,10579,232,2290711,0.001,687.7544235874229,515.5260149422338
685,2458711,3528.28,-15999.30313496,0.0,10672,230,2294711,0.001,707.1458856811523,514.8049245147705
686,2462711,3528.28,-15880.550801940002,0.0,10764,228,2298711,0.001,718.8385524444581,513.7728008117675
687,2466711,3528.28,-15884.271519839998,0.0,10856,227,2302711,0.001,710.9852119140625,510.66941580200194
688,2469444,3515.61,-15640.50183105,0.0,10937,225,2306711,0.001,712.9772461700439,507.85445835876465
689,2473444,3515.61,-15527.28116134,0.0,11012,224,2309444,0.001,719.4324586032905,506.99826949481644
690,2477444,3515.61,-15541.373590750001,0.0,11105,223,2313444,0.001,717.389842086792,507.02408183288577
691,2481444,3515.61,-15732.60580211,0.0,11201,221,2317444,0.001,705.989784500122,505.886637512207
692,2485444,3515.61,-15963.69268998,0.0,11295,220,2321444,0.001,708.8483601226807,504.7544371185303
693,2489444,3515.61,-16059.58342749,0.0,11390,218,2325444,0.001,722.3364386749267,505.34144921875
694,2493444,3515.61,-16151.186910869998,0.0,11483,217,2329444,0.001,720.4980876922607,506.19138681030273
695,2497444,3515.61,-16263.315232539999,0.0,11576,215,2333444,0.001,729.6397477722168,505.03541160583495
696,2501444,3515.61,-16030.587892089998,0.0,11669,214,2337444,0.001,723.2732485961914,503.64897369384767
697,2502896,3490.13,-15909.55370033,0.0,11736,213,2341444,0.001,737.3187607116699,502.87723933410643
698,2506896,3525.26,-16246.505383939999,0.0,11802,212,2342896,0.001,722.385593340745,502.69658675601005
699,2510896,3525.26,-16529.75319938,0.0,11901,210,2346896,0.001,730.5208855285645,504.16446589660643
700,2514896,3525.26,-16559.65808728,0.0,11992,209,2350896,0.001,730.6587660675049,505.5735573883057
701,2518896,3525.26,-16626.65749482,0.0,12087,208,2354896,0.001,749.4225032196044,508.29313465881347
702,2522896,3527.64,-16406.35883873,0.0,12181,207,2358896,0.001,729.763029296875,508.73523298645017
703,2523456,3493.24,-16368.7596329,0.0,12239,206,2362896,0.001,715.9293330993652,508.42827340698244
704,2527456,3493.24,-16316.710722190002,0.0,12293,205,2363456,0.001,751.7037059238979,507.66790466308595
705,2531456,3493.24,-16067.202380730003,0.0,12383,204,2367456,0.001,739.8339184570312,509.0218844909668
706,2531504,3453.72,-15878.788555079998,0.0,12437,203,2371456,0.001,740.80843409729,510.61677281188963
707,2533657,3435.25,-15730.384619449998,0.0,12461,203,2371504,0.001,731.100690205892,508.93932215372723
708,2537657,3471.5,-15887.747579280001,0.0,12531,202,2373657,0.001,738.7182147162933,509.6411919292464
709,2541657,3503.84,-16220.17399311,0.0,12628,201,2377657,0.001,728.2635095977784,510.4617646484375
710,2545657,3503.84,-16388.724823,0.0,12721,200,2381657,0.001,727.6503598175049,508.7087704925537
711,2549657,3518.11,-16460.47184464,0.0,12812,198,2385657,0.001,720.740626083374,507.0723439178467
712,2553657,3518.11,-16520.1017148,0.0,12906,197,2389657,0.001,721.179507522583,505.6117734222412
713,2557657,3518.11,-16490.13912508,0.0,12997,196,2393657,0.001,747.2880986633301,507.9037364196777
714,2561657,3554.38,-16561.2041538,0.0,13088,195,2397657,0.001,733.1476372680664,508.0773305358887
715,2565657,3554.38,-16497.49103292,0.0,13180,194,2401657,0.001,732.5009046173095,507.56943785095217
716,2569657,3554.38,-16670.426037449997,0.0,13276,193,2405657,0.001,710.8942294158935,506.819927154541
717,2570419,3561.49,-16679.12535902,0.0,13336,192,2409657,0.001,714.7594304962158,505.1604638671875
718,2574419,3561.49,-17036.419713929998,0.0,13394,192,2410419,0.001,737.3187673974224,504.2840802050012
719,2578419,3561.49,-16903.692458909998,0.0,13486,191,2414419,0.001,712.7280516662597,504.3241868743896
720,2582419,3600.87,-17135.38923741,0.0,13581,190,2418419,0.001,735.5958561553955,504.4664403839111
721,2586419,3600.87,-17128.15262016,0.0,13674,189,2422419,0.001,734.7778190307617,504.799719619751
722,2587861,3575.29,-17114.4285426,0.0,13741,188,2426419,0.001,736.463768371582,505.1734739227295
723,2591861,3575.29,-17228.58473577,0.0,13803,187,2427861,0.001,734.3087231428382,504.6409655186075
724,2595861,3575.29,-17402.598540810002,0.0,13900,186,2431861,0.001,726.5265085144043,504.19104342651366
725,2599861,3575.29,-17168.629019300002,0.0,13991,185,2435861,0.001,730.8199747467041,508.73324542236327
726,2603861,3605.12,-17295.40779392,0.0,14084,184,2439861,0.001,767.1937447509765,510.3839774017334
727,2607861,3612.93,-17236.039568260003,0.0,14177,183,2443861,0.001,740.8459145202637,511.5199313659668
728,2609346,3587.78,-17196.37937582,0.0,14244,183,2447861,0.001,728.2674349365234,510.98574911499026
729,2613346,3587.78,-16968.576901120003,0.0,14306,182,2449346,0.001,762.8624471028646,511.4215460837609
730,2617346,3587.78,-16958.518485120003,0.0,14396,181,2453346,0.001,745.1092196807862,512.175725189209
731,2621346,3613.94,-16990.48925003,0.0,14487,180,2457346,0.001,750.3904913482666,509.2496114349365
732,2625346,3613.94,-17184.97142384,0.0,14584,180,2461346,0.001,758.0422161865234,509.5738160247803
733,2629346,3613.94,-17050.22892061,0.0,14678,179,2465346,0.001,748.1846375427247,511.6013372039795
734,2633346,3613.94,-17197.919085819998,0.0,14777,178,2469346,0.001,749.6972530822754,511.49674674987796
735,2637346,3613.94,-16938.366552359996,0.0,14868,177,2473346,0.001,758.2561493377685,515.2649557800293
736,2641346,3613.94,-17108.80951334,0.0,14964,176,2477346,0.001,745.637743637085,514.5864446411133
737,2645346,3613.94,-17087.43778302,0.0,15055,175,2481346,0.001,759.1818504180908,513.7325466308594
738,2649346,3613.94,-17205.34754126,0.0,15148,174,2485346,0.001,748.6735313110352,512.8625477905273
739,2653346,3613.94,-17232.170613020004,0.0,15242,174,2489346,0.001,745.5709738769531,510.3433699951172
740,2657346,3613.94,-17135.13469362,0.0,15334,173,2493346,0.001,734.4415955200195,508.3800319519043
741,2661346,3613.94,-17213.09984298,0.0,15429,172,2497346,0.001,767.5270122528076,508.0236628570557
742,2665346,3613.94,-17039.50503532,0.0,15521,171,2501346,0.001,773.2496213989258,510.5891658782959
743,2669346,3613.94,-17130.98418603,0.0,15616,170,2505346,0.001,767.8587151184082,510.3982724914551
744,2673346,3613.94,-17107.94792676,0.0,15708,170,2509346,0.001,803.505495941162,511.5059973449707
745,2677346,3613.94,-17287.055781810002,0.0,15806,169,2513346,0.001,791.4360053100586,509.97360566711427
746,2681346,3613.94,-16989.56660519,0.0,15897,168,2517346,0.001,781.6937651519776,513.2501623535156
747,2685346,3613.94,-17051.74825036,0.0,15993,167,2521346,0.001,798.1456122589111,514.4627355957032
748,2686705,3600.09,-17022.14139166,0.0,16060,167,2525346,0.001,785.6304746551514,516.734221282959
749,2690705,3600.09,-17011.60835219,0.0,16122,166,2526705,0.001,787.9992170972453,518.2838730734824
750,2693908,3609.33,-16963.618380089996,0.0,16206,166,2530705,0.001,786.3282941589356,520.0899927062989
751,2697741,3607.66,-16897.564811430002,0.0,16287,165,2533908,0.001,785.1617879257178,521.3868342100756
752,2701741,3607.66,-16978.19953703,0.0,16378,164,2537741,0.001,796.7708691030454,522.471564274989
753,2704914,3599.39,-17034.92710245,0.0,16465,164,2541741,0.001,792.8043151855469,522.7166709442139
754,2708056,3590.81,-17083.54745127,0.0,16541,163,2544914,0.001,769.595009232409,523.6169499744013
755,2712056,3621.82,-17274.124457939997,0.0,16624,163,2548056,0.001,775.9437537918723,523.6892272055642
756,2716056,3621.82,-17324.95787787,0.0,16715,162,2552056,0.001,776.2381356811524,525.8628900146484
757,2720056,3621.82,-17134.13928388,0.0,16806,161,2556056,0.001,775.2319697875977,526.7489275665283
758,2724056,3621.82,-17084.972025540003,0.0,16898,161,2560056,0.001,816.305999710083,527.0535153045654
759,2728056,3621.82,-16903.44096309,0.0,16989,160,2564056,0.001,791.4074141082764,525.2443916778565
760,2728329,3584.55,-16853.44892074,0.0,17044,160,2568056,0.001,795.6542012939453,520.7705336914063
761,2732329,3584.55,-16794.88110707,0.0,17091,159,2568329,0.001,790.9581151270604,519.4030113220215
762,2735484,3611.64,-16931.82582743,0.0,17176,159,2572329,0.001,789.3560798950195,521.1748464965821
763,2739484,3623.37,-17000.34470194,0.0,17258,158,2575484,0.001,792.1079414766677,521.0920875655684
764,2743484,3623.37,-16898.18971413,0.0,17350,158,2579484,0.001,780.4051399993897,520.8893360443116
765,2747148,3620.01,-16850.8897728,0.0,17437,157,2583484,0.001,770.6521287231445,520.926965499878
766,2748215,3590.68,-16775.26462501,0.0,17498,157,2587148,0.001,796.1575570752007,519.7320986585325
767,2752215,3611.46,-16758.89029009,0.0,17552,156,2588215,0.001,797.1074488746193,519.1165262476364
768,2756215,3611.46,-16489.43353835,0.0,17644,156,2592215,0.001,791.7575273132325,519.7343333282471
769,2760215,3611.46,-16520.5676149,0.0,17736,155,2596215,0.001,817.3287307739258,520.5533488616943
770,2764215,3611.46,-16511.68463915,0.0,17829,155,2600215,0.001,804.3766541595459,521.2856335601807
771,2767174,3601.05,-16195.23372251,0.0,17910,154,2604215,0.001,806.3751049804688,521.4758363037109
772,2771174,3601.05,-16243.709955920001,0.0,17992,154,2607174,0.001,812.1688453130281,520.1388527535104
773,2775174,3601.05,-16294.98411337,0.0,18084,153,2611174,0.001,807.3643021240234,521.6470696258544
774,2779174,3602.78,-16472.04721818,0.0,18178,152,2615174,0.001,824.1940563812256,523.0194346313476
775,2783174,3602.78,-16414.78242439,0.0,18270,152,2619174,0.001,824.2833561401367,521.9009889221192
776,2787174,3602.78,-16440.494475440002,0.0,18366,151,2623174,0.001,808.5154008483887,521.3026141662598
777,2791174,3608.18,-16734.907028650003,0.0,18463,151,2627174,0.001,819.1383117980957,521.7682963104248
778,2795174,3608.18,-16577.58225877,0.0,18557,150,2631174,0.001,801.561959350586,521.5908615570069
779,2799174,3608.18,-16564.51215176,0.0,18648,150,2635174,0.001,824.6139237213134,523.1765051116944
780,2803174,3608.18,-16379.49580879,0.0,18742,149,2639174,0.001,817.7067137298584,523.4694559020996
781,2807174,3608.18,-16447.78172542,0.0,18838,149,2643174,0.001,805.6747926177978,523.8129522705078
782,2811174,3608.18,-16651.84454534,0.0,18933,148,2647174,0.001,826.2705934906006,525.1498657836914
783,2815174,3644.63,-16969.9112204,0.0,19029,147,2651174,0.001,840.3576735076904,527.2860101013183
784,2819174,3644.63,-17216.631574860003,0.0,19126,147,2655174,0.001,832.9101817474365,528.6131452636719
785,2823174,3644.63,-17060.052181460003,0.0,19217,146,2659174,0.001,834.4922242431641,532.9643739318848
786,2827174,3644.63,-17013.53554566,0.0,19308,146,2663174,0.001,833.9406097564697,531.4335693969726
787,2831174,3644.63,-17003.91227887,0.0,19400,145,2667174,0.001,837.0019319152832,532.9181394348144
788,2835174,3657.3,-17022.721420410002,0.0,19493,145,2671174,0.001,871.0027163085938,536.0696379089355
789,2838503,3650.59,-17045.916403540003,0.0,19578,144,2675174,0.001,864.0220020599365,537.1019046325683
790,2842503,3650.59,-17110.191996560003,0.0,19665,144,2678503,0.001,847.3453852984954,536.221588905041
791,2844802,3633.58,-16949.00126299,0.0,19744,144,2682503,0.001,839.0922318115234,537.9235090026856
792,2848802,3633.58,-16930.237555740005,0.0,19818,143,2684802,0.001,855.7054334510249,539.1071763544497
793,2852802,3633.58,-16943.44628949,0.0,19914,143,2688802,0.001,871.4594773101807,542.7003046569824
794,2856802,3633.58,-17078.80292338,0.0,20009,142,2692802,0.001,862.1164780883789,544.8875020446777
795,2860802,3633.58,-17119.1019036,0.0,20103,142,2696802,0.001,841.0982116394043,544.7282371520996
796,2864802,3633.58,-17219.013867190002,0.0,20198,141,2700802,0.001,860.093459777832,545.1566008300781
797,2868802,3659.06,-17476.70107182,0.0,20292,141,2704802,0.001,874.0277171936035,545.4232221679688
798,2872802,3659.06,-17343.97089996,0.0,20385,140,2708802,0.001,875.469177734375,548.4405149841309
799,2876802,3659.06,-17087.11465306,0.0,20477,140,2712802,0.001,873.0085461273194,549.8757225036621
800,2880802,3659.06,-17348.49609074,0.0,20576,140,2716802,0.001,891.1045974731445,552.526097076416
801,2884802,3659.06,-17451.680536750002,0.0,20671,139,2720802,0.001,860.0796538391113,554.2102351989746
802,2888802,3659.06,-17531.891347220004,0.0,20766,139,2724802,0.001,860.4166143188477,556.8902185974121
803,2892802,3693.46,-17618.34558121,0.0,20858,138,2728802,0.001,886.3042716064454,557.9007533569336
804,2896802,3693.46,-17594.13555672,0.0,20954,138,2732802,0.001,913.0277423858643,558.4839089355469
805,2900802,3693.46,-17641.817749250004,0.0,21046,137,2736802,0.001,873.38119480896,559.3352250061035
806,2904802,3732.98,-17786.429935340002,0.0,21138,137,2740802,0.001,890.9673320922851,559.150065826416
807,2908802,3751.45,-17911.399481800003,0.0,21230,137,2744802,0.001,868.7861556091309,559.4146701660156
808,2909652,3719.95,-17772.7525905,0.0,21292,136,2748802,0.001,869.9497133636474,560.2539455566406
809,2913652,3719.95,-17611.66347951,0.0,21346,136,2749652,0.001,853.2049419806985,560.2807564051011
810,2917652,3719.95,-17447.89036369,0.0,21437,136,2753652,0.001,869.9627796020508,561.5812205200195
811,2921652,3719.95,-17630.023022499998,0.0,21533,135,2757652,0.001,838.9737166900635,562.4368505859375
812,2925652,3719.95,-17552.89511185,0.0,21626,135,2761652,0.001,851.9735434570313,561.5827432250976
813,2929652,3719.95,-17546.03411699,0.0,21718,134,2765652,0.001,856.204169631958,560.0028456420898
814,2929773,3681.16,-17473.55443299,0.0,21772,134,2769652,0.001,862.87384815979,558.5941268005371
815,2931106,3654.49,-17421.044022899998,0.0,21790,134,2769773,0.001,844.3490570320571,557.3691670735677
816,2935106,3654.49,-17234.27893015,0.0,21849,134,2771106,0.001,848.8916073775524,557.9116805732875
817,2939106,3686.87,-17469.619839130002,0.0,21943,133,2775106,0.001,864.3257931976318,557.1996021728515
818,2943106,3686.87,-17214.813088890005,0.0,22038,133,2779106,0.001,848.9430151062012,558.6129133300781
819,2947106,3686.87,-17200.39696117,0.0,22130,133,2783106,0.001,855.7442707824707,559.2982495727539
820,2947276,3648.57,-16970.63156739,0.0,22184,132,2787106,0.001,864.1211150970458,557.4316162109375
821,2951276,3648.57,-16996.923349430002,0.0,22229,132,2787276,0.001,904.0049693388097,556.7128647748161
822,2955276,3674.15,-17139.0841964,0.0,22321,132,2791276,0.001,879.3252985076904,556.4054971313476
823,2957815,3659.54,-16965.08384253,0.0,22400,132,2795276,0.001,876.0633751678466,556.5469967956543
824,2961815,3659.54,-16789.90147565,0.0,22475,131,2797815,0.001,883.6280437287687,556.4023405755947
825,2965815,3659.54,-16764.208372189998,0.0,22567,131,2801815,0.001,880.4304085845947,557.9711594238281
826,2969815,3659.54,-16652.59263444,0.0,22658,131,2805815,0.001,876.4407190093995,559.0720864257812
827,2971037,3631.76,-16562.22303034,0.0,22723,130,2809815,0.001,902.7581459960937,558.3298271179199
828,2975037,3656.91,-16774.461474260002,0.0,22783,130,2811037,0.001,909.4921570823158,558.4968368605194
829,2979037,3656.91,-16719.85893812,0.0,22875,130,2815037,0.001,939.1777703704834,558.7663549194336
830,2983037,3656.91,-16771.24275356,0.0,22967,129,2819037,0.001,917.5994749603271,559.005009552002
831,2987037,3656.91,-16932.956332619997,0.0,23061,129,2823037,0.001,937.1464862213135,561.3093630981446
832,2991037,3656.91,-16752.91737016,0.0,23154,129,2827037,0.001,959.8605201568604,562.2628486938477
833,2995037,3656.91,-16877.77163923,0.0,23250,128,2831037,0.001,957.9233296203613,563.7841135253906
834,2999037,3656.91,-16933.16630379,0.0,23347,128,2835037,0.001,977.8740960235596,566.1875265808105
835,3003037,3656.91,-16925.41779292,0.0,23438,128,2839037,0.001,1037.1661566162109,568.5491335754394
836,3003813,3624.67,-16707.982968790002,0.0,23499,127,2843037,0.001,1021.8453347473145,569.8104972839355
837,3007813,3624.67,-16756.89416357,0.0,23551,127,2843813,0.001,1075.663860832293,570.363061491976
838,3011813,3624.67,-16825.45039613,0.0,23645,127,2847813,0.001,1047.40692376709,571.1300211181641
839,3015813,3624.67,-16735.095029930002,0.0,23737,127,2851813,0.001,1090.8745767364503,571.4149891357422
840,3019813,3624.67,-16994.76720108,0.0,23835,126,2855813,0.001,1047.4537669677734,575.1447694091797
841,3023813,3624.67,-16801.46611598,0.0,23927,126,2859813,0.001,1097.0775532226562,579.8675144042969
842,3027813,3624.67,-16942.569367260003,0.0,24023,126,2863813,0.001,1160.3976674346925,582.7001533508301
843,3031813,3624.67,-16775.49151423,0.0,24115,125,2867813,0.001,1230.5608071289062,585.2098482666015
844,3035813,3624.67,-16857.706157999997,0.0,24208,125,2871813,0.001,1245.0134019165039,589.4665100708008
845,3039813,3624.67,-16718.10712178,0.0,24304,125,2875813,0.001,1212.9669925994874,594.1299329223633
846,3040763,3594.17,-16719.144823489998,0.0,24367,124,2879813,0.001,1258.6970460510254,600.7571094970704
847,3044763,3594.17,-16527.7088778,0.0,24422,124,2880763,0.001,1269.8808663779812,602.5693142218339
848,3048158,3614.53,-16623.455322849997,0.0,24509,124,2884763,0.001,1313.3090158081054,606.6176758117675
849,3048850,3581.45,-16342.015836129998,0.0,24560,124,2888158,0.001,1274.279103899634,611.8356647828442
850,3052850,3589.42,-16388.513150109997,0.0,24612,124,2888850,0.001,1310.2874631495833,612.5761302440842
851,3056850,3591.09,-16299.520306440001,0.0,24704,123,2892850,0.001,1280.1673782806397,616.2836596984863
852,3060850,3591.09,-16421.127942040002,0.0,24800,123,2896850,0.001,1276.0486343994141,617.0795765686036
853,3064850,3599.36,-16298.106416730001,0.0,24891,123,2900850,0.001,1232.286335357666,617.1413292541504
854,3068850,3607.94,-16162.241063860003,0.0,24981,122,2904850,0.001,1271.2191162414551,618.6533294677735
855,3070510,3584.54,-15958.564595390002,0.0,25050,122,2908850,0.001,1232.4059811553955,620.0289549865722
856,3071761,3557.05,-15889.866169660001,0.0,25086,122,2910510,0.001,1249.000143837067,619.0704275843609
857,3072500,3524.44,-15851.215784400003,0.0,25112,122,2911761,0.001,1200.1133564339934,618.8114091796875
858,3076500,3524.44,-15864.417231980004,0.0,25164,122,2912500,0.001,1237.5211816769652,618.7176132614549
859,3080333,3522.77,-15872.77950859,0.0,25253,121,2916500,0.001,1236.674897506714,620.3017765808105
860,3084333,3560.04,-16297.247291029998,0.0,25351,121,2920333,0.001,1256.7692983195889,620.9999552430091
861,3088333,3560.04,-16346.945532070002,0.0,25446,121,2924333,0.001,1187.8619405975342,622.1474620971679
862,3092333,3568.49,-16407.31268231,0.0,25540,121,2928333,0.001,1255.7483388214112,621.8059486999512
863,3095288,3558.04,-16425.488621440003,0.0,25623,120,2932333,0.001,1236.6044480285645,621.741811126709
864,3099288,3558.04,-16478.293494020003,0.0,25703,120,2935288,0.001,1262.0052061232616,623.1420025857763
865,3103288,3561.4,-16528.35206915,0.0,25795,120,2939288,0.001,1247.4578318634033,622.2987182617187
866,3107288,3590.73,-16822.507802300002,0.0,25890,120,2943288,0.001,1311.3771183166505,627.451319519043
867,3111288,3590.73,-16905.17197411,0.0,25983,119,2947288,0.001,1251.8589766845703,628.9275040588379
868,3115288,3590.73,-16954.54622372,0.0,26077,119,2951288,0.001,1241.6480269470214,626.3739768676758
869,3119288,3590.73,-16935.708680159998,0.0,26169,119,2955288,0.001,1262.941800064087,627.8364427185059
870,3123288,3590.73,-17010.966450009997,0.0,26265,118,2959288,0.001,1239.852805130005,626.8680086669922
871,3127288,3601.14,-17160.0314921,0.0,26366,118,2963288,0.001,1221.6720382080077,627.0614517822265
872,3131288,3601.14,-17078.05341846,0.0,26464,118,2967288,0.001,1200.9660101776124,625.4503645629883
873,3135288,3601.14,-17020.41928879,0.0,26562,118,2971288,0.001,1231.6309387054444,624.2670457763672
874,3135808,3566.34,-16792.97742285,0.0,26623,117,2975288,0.001,1233.4668762054444,623.4710392150879
875,3139808,3566.34,-16909.674560739997,0.0,26677,117,2975808,0.001,1210.8537087073694,621.8595651479868
876,3143808,3566.34,-16851.82395151,0.0,26774,117,2979808,0.001,1229.4947216339112,622.8861671752929
877,3147808,3566.34,-16924.605300979994,0.0,26882,117,2983808,0.001,1215.2811092224122,618.9054639892578
878,3151808,3566.34,-16854.48226568,0.0,26978,116,2987808,0.001,1168.185271484375,615.3661690979004
879,3155808,3566.34,-16815.0096645,0.0,27071,116,2991808,0.001,1156.9103389587403,608.7034953613281
880,3159808,3566.34,-16947.390002769996,0.0,27172,116,2995808,0.001,1129.9042423553467,603.9979176940918
881,3163808,3566.34,-16811.635299999994,0.0,27265,116,2999808,0.001,1141.6256630859375,601.071324584961
882,3167808,3566.34,-16701.06344472,0.0,27359,115,3003808,0.001,1123.263264678955,598.89784375
883,3170241,3550.67,-16507.24148246,0.0,27438,115,3007808,0.001,1122.9757648620605,594.1166134338379
884,3174241,3550.67,-16237.713277900002,0.0,27510,115,3010241,0.001,1122.629351859322,589.6270262065686
885,3178241,3550.67,-16248.494610009999,0.0,27602,115,3014241,0.001,1151.883362701416,588.8129263000488
886,3182241,3550.67,-16263.584420399999,0.0,27695,114,3018241,0.001,1147.23764553833,586.1393047485352
887,3186241,3550.67,-16288.44539313,0.0,27789,114,3022241,0.001,1129.2776767425537,582.8319859924317
888,3190241,3550.67,-16339.370514309998,0.0,27883,114,3026241,0.001,1163.222459411621,580.1635603027344
889,3194241,3557.38,-16270.84950936,0.0,27973,114,3030241,0.001,1121.6133155975342,576.9690333557129
890,3198241,3557.38,-16432.520074049997,0.0,28074,113,3034241,0.001,1114.0802509155274,571.5957821960449
891,3202241,3574.39,-16275.33817738,0.0,28166,113,3038241,0.001,1069.8640899353027,568.5891582641601
892,3202868,3540.66,-16039.438953959998,0.0,28226,113,3042241,0.001,1086.486746749878,567.8931795959472
893,3206868,3540.66,-15920.703493699997,0.0,28277,113,3042868,0.001,1080.1385499020323,564.4748233868058
894,3210868,3540.66,-15803.502020189999,0.0,28371,113,3046868,0.001,1090.582044418335,563.9090272827149
895,3214868,3540.66,-15941.420865379998,0.0,28473,112,3050868,0.001,1096.551005645752,563.061344177246
896,3218868,3540.66,-15812.225776279996,0.0,28565,112,3054868,0.001,1077.7763470458985,564.6843939208984
897,3222868,3540.66,-15769.82118763,0.0,28665,112,3058868,0.001,1099.4607257232667,561.7729515686035
898,3226868,3540.66,-15680.14203921,0.0,28758,112,3062868,0.001,1086.775837097168,558.3462819824218
899,3230868,3540.66,-15918.225580420001,0.0,28856,111,3066868,0.001,1085.655752960205,554.9912294006348
900,3234868,3540.66,-15852.821318500002,0.0,28953,111,3070868,0.001,1066.4281424713135,552.2750283813476
901,3238868,3540.66,-16009.615205319998,0.0,29060,111,3074868,0.001,1073.512617477417,553.7705098266601
902,3242709,3539.07,-15883.167733989998,0.0,29150,111,3078868,0.001,1080.549418685913,555.2324175109864
903,3244205,3514.03,-15817.141804349994,0.0,29216,111,3082709,0.001,1084.2035623524096,552.8527948697408
904,3248205,3514.03,-15710.285941439997,0.0,29278,110,3084205,0.001,1074.119025327305,552.0035465668867
905,3252205,3514.03,-15784.848287509996,0.0,29372,110,3088205,0.001,1091.0669640197755,553.7708072509765
906,3256205,3514.03,-15691.80138511,0.0,29464,110,3092205,0.001,1063.0806525268554,553.1096860961914
907,3260205,3514.03,-15577.256006339998,0.0,29555,110,3096205,0.001,1107.1768858795167,553.1090314636231
908,3264205,3545.53,-15761.183844449997,0.0,29648,110,3100205,0.001,1087.6137295684814,554.2436358642578
909,3265956,3523.04,-15650.310580099998,0.0,29719,109,3104205,0.001,1039.548204711914,551.8076830139161
910,3269956,3523.04,-15644.570171029998,0.0,29782,109,3105956,0.001,1062.686460101761,550.8048274767453
911,3271780,3501.28,-15399.16110055,0.0,29853,109,3109956,0.001,1088.3748477478027,552.7746469726562
912,3275780,3501.28,-15431.501568330003,0.0,29918,109,3111780,0.001,1068.4682964860347,554.1158470019959
913,3279780,3501.28,-15424.920401750001,0.0,30010,109,3115780,0.001,1083.1499231262208,557.9075526733399
914,3283780,3540.07,-15774.803331380002,0.0,30106,109,3119780,0.001,1061.279876663208,559.1189301452637
915,3287780,3566.74,-15979.516749510001,0.0,30204,108,3123780,0.001,1087.467215499878,565.2229068603516
916,3289550,3544.44,-15904.42271069,0.0,30274,108,3127780,0.001,1123.4707879333496,571.385441040039
917,3292801,3536.95,-15699.236457629997,0.0,30331,108,3129550,0.001,1095.050686076536,571.2072934597899
918,3296801,3536.95,-15763.172293409998,0.0,30416,108,3132801,0.001,1121.6896195964644,572.0334568434495
919,3300801,3536.95,-15763.90033024,0.0,30509,108,3136801,0.001,1156.580020904541,575.0868847351074
920,3304801,3575.25,-15831.691091350003,0.0,30601,107,3140801,0.001,1132.5386452941896,573.1256818237305
921,3308801,3575.25,-15852.299991859998,0.0,30696,107,3144801,0.001,1083.9000269012452,570.8289989318847
922,3312801,3575.25,-15896.6067576,0.0,30791,107,3148801,0.001,1064.6930205078124,567.6018328552246
923,3316801,3589.86,-16190.219848099998,0.0,30887,107,3152801,0.001,1057.5097415313721,565.2918479309081
924,3316979,3551.64,-16017.256602679998,0.0,30943,107,3156801,0.001,1045.8927623138427,565.0028623962403
925,3318681,3528.66,-15919.432262109998,0.0,30964,107,3156979,0.001,1054.08880169472,563.5645107312149
926,3322681,3528.66,-15973.26010878,0.0,31028,107,3158681,0.001,1053.6065133763816,562.3521623084744
927,3326681,3556.44,-16023.739697049998,0.0,31120,106,3162681,0.001,1094.6866161651612,562.7092293395996
928,3330681,3556.44,-15873.258086619999,0.0,31212,106,3166681,0.001,1072.1513017272948,561.3016944274902
929,3334681,3556.44,-16099.582636399999,0.0,31310,106,3170681,0.001,1084.4742039642333,559.5039426574707
930,3338681,3556.44,-16316.491495389999,0.0,31411,106,3174681,0.001,1060.1614362335206,559.7119955444336
931,3342681,3556.44,-16476.820256460003,0.0,31513,106,3178681,0.001,1066.1160212554933,561.2059932556152
932,3343585,3525.48,-16350.69855873,0.0,31574,105,3182681,0.001,1066.9949459991456,564.2719269714355
933,3347585,3525.48,-16189.360781320003,0.0,31628,105,3183585,0.001,1049.5119938133037,563.345674902992
934,3351585,3525.48,-15877.564601520002,0.0,31720,105,3187585,0.001,1081.1395613555908,564.64651071167
935,3355585,3525.48,-15918.16910484,0.0,31813,105,3191585,0.001,1071.124749343872,566.4859743652344
936,3357371,3535.58,-15907.383342969999,0.0,31883,105,3195585,0.001,1041.559843826294,566.9911524963379
937,3361371,3535.58,-16121.32369007,0.0,31952,105,3197371,0.001,1038.3225812580924,566.6910767421743
938,3365371,3535.58,-16043.29539004,0.0,32046,105,3201371,0.001,1070.7545844726562,569.0847520751953
939,3369371,3535.58,-16167.2134904,0.0,32139,104,3205371,0.001,1068.0436759643555,570.8785631408691
940,3373371,3535.58,-15874.751314639998,0.0,32230,104,3209371,0.001,1074.513661315918,571.2310477600098
941,3377371,3535.58,-15857.04681618,0.0,32323,104,3213371,0.001,1082.6208806152345,570.2433725280762
942,3377905,3500.92,-15563.88701961,0.0,32382,104,3217371,0.001,1090.3681076507569,573.3725245666504
943,3381905,3500.92,-15736.65859604,0.0,32434,104,3217905,0.001,1055.5667894913463,571.8817346694318
944,3384425,3486.12,-15692.583051250002,0.0,32513,104,3221905,0.001,1076.352974395752,573.617123260498
945,3388425,3486.12,-15605.352231160003,0.0,32587,103,3224425,0.001,1060.210875181168,572.41449589805
946,3389226,3484.63,-15569.943863450002,0.0,32648,103,3228425,0.001,1070.4874751434327,571.5691988525391
947,3393226,3484.63,-15525.11260214,0.0,32699,103,3229226,0.001,1054.0524043584435,571.0422144102635
948,3397226,3490.68,-15740.219171820001,0.0,32799,103,3233226,0.001,1063.2081819610596,570.8245958862304
949,3397502,3486.52,-15741.299220350003,0.0,32855,103,3237226,0.001,1055.537330291748,568.6824663085938
950,3401502,3486.52,-15857.963026660002,0.0,32904,103,3237502,0.001,1039.2901677670686,567.6663592794667
951,3405502,3486.52,-15863.478740100001,0.0,32998,103,3241502,0.001,1048.3028365020753,566.3995620117188
952,3405850,3450.0,-15549.87307961,0.0,33055,103,3245502,0.001,1054.310220916748,565.1702758789063
953,3409850,3450.0,-15765.190835340001,0.0,33106,102,3245850,0.001,1053.180574965203,563.5657289000764
954,3413850,3450.0,-16035.180791780002,0.0,33203,102,3249850,0.001,1051.424641052246,562.2813440246582
955,3417850,3473.4,-16105.63544846,0.0,33296,102,3253850,0.001,1034.1821070861815,565.6209407348633
956,3421850,3500.89,-16179.576569960002,0.0,33388,102,3257850,0.001,1039.88786328125,564.8057527770997
957,3425850,3533.5,-16257.88310225,0.0,33480,102,3261850,0.001,1019.0965849761963,566.2276711730957
958,3425902,3494.02,-16124.459436619998,0.0,33534,102,3265850,0.001,1052.6134225769042,564.8261263427735
959,3429902,3495.69,-16183.88120897,0.0,33578,102,3265902,0.001,1086.2417414738582,564.5007864145132
960,3433902,3495.69,-15899.95139772,0.0,33671,101,3269902,0.001,1051.3999499359131,563.9167874450684
961,3437902,3495.69,-16084.17651265,0.0,33773,101,3273902,0.001,1054.6626633911133,563.9082403869629
962,3441902,3495.69,-16296.664079499997,0.0,33875,101,3277902,0.001,1025.8065345611572,565.7218386840821
963,3444071,3487.83,-16211.7499944,0.0,33949,101,3281902,0.001,998.9461656646729,564.1932857666015
964,3448071,3487.83,-16359.05298403,0.0,34024,101,3284071,0.001,1042.1080666696382,563.322079760562
965,3449638,3463.5,-16268.13831999,0.0,34092,101,3288071,0.001,1038.8142495269776,566.5327494506836
966,3449840,3425.52,-15903.13926168,0.0,34117,101,3289638,0.001,1043.01389007471,566.4617560250418
967,3453840,3425.52,-15913.669114530001,0.0,34163,101,3289840,0.001,1016.8238685532372,566.3658942798577
968,3457840,3425.52,-15890.236575170002,0.0,34257,100,3293840,0.001,1010.0165546112061,565.921730834961
969,3461840,3425.52,-16022.755979950001,0.0,34352,100,3297840,0.001,1042.798538833618,565.7355458068847
970,3465840,3425.52,-15925.971666520001,0.0,34444,100,3301840,0.001,1035.5768217163086,567.8915150756836
971,3469758,3424.7,-15987.56607975,0.0,34539,100,3305840,0.001,1041.4821486968995,570.3471096496583
972,3473758,3424.7,-15994.128197980002,0.0,34633,100,3309758,0.001,1046.0488142448764,572.1913977754913
973,3477758,3424.7,-16045.01948505,0.0,34726,100,3313758,0.001,1036.0796571807862,575.8460751647949
974,3481758,3459.5,-16358.449365440001,0.0,34828,99,3317758,0.001,1037.0161755828858,575.5177109985351
975,3483374,3435.66,-16147.597778000003,0.0,34897,99,3321758,0.001,1042.445232284546,576.7597812194824
976,3487374,3435.66,-16386.644736150003,0.0,34963,99,3323374,0.001,1048.5067891791316,575.3901126219495
977,3491374,3435.66,-16067.46488016,0.0,35055,99,3327374,0.001,1025.6200724639893,575.3348589782715
978,3495374,3435.66,-16114.408633530002,0.0,35150,99,3331374,0.001,1052.6691936645507,572.9815668029785
979,3499374,3435.66,-16079.971161930001,0.0,35242,99,3335374,0.001,1053.0684828033448,576.5962524414062
980,3503374,3435.66,-15926.673126000002,0.0,35335,99,3339374,0.001,1061.151239868164,575.7725167846679
981,3507374,3435.66,-16006.171014679998,0.0,35430,98,3343374,0.001,1058.1389625854492,575.3918439331055
982,3511374,3435.66,-16030.902995909999,0.0,35525,98,3347374,0.001,1081.4305308990479,575.0297094116211
983,3515374,3451.33,-16030.66369636,0.0,35617,98,3351374,0.001,1072.6471271514893,575.9427105407715
984,3519374,3451.33,-16046.639506549998,0.0,35708,98,3355374,0.001,1027.759772567749,573.2512798156738
985,3523374,3451.33,-16316.496818459998,0.0,35808,98,3359374,0.001,1065.6041563720703,570.5752212219238
986,3527374,3451.33,-16414.540142319995,0.0,35902,98,3363374,0.001,1099.7951126708983,576.8182245788574
987,3531374,3451.33,-16378.22380414,0.0,35994,98,3367374,0.001,1075.153890701294,576.7436753540039
988,3535374,3451.33,-16328.9672224,0.0,36087,97,3371374,0.001,1072.3666690673829,577.0305570373536
989,3539374,3451.33,-16473.318186440003,0.0,36182,97,3375374,0.001,1047.8556656188964,579.0813210449219
990,3543374,3451.33,-16337.53976556,0.0,36279,97,3379374,0.001,1067.7781422576904,579.0667252502442
991,3547374,3451.33,-16500.66451618,0.0,36374,97,3383374,0.001,1044.1276403808595,577.9331065673828
992,3551374,3485.06,-16662.011324050003,0.0,36468,97,3387374,0.001,1126.7776715393065,580.0009855957031
993,3555374,3485.06,-16871.586089120003,0.0,36569,97,3391374,0.001,1060.1687221221923,580.1981076049805
994,3559374,3485.06,-17062.330939730004,0.0,36672,97,3395374,0.001,1042.586933441162,581.848424987793
995,3563374,3485.06,-16940.38732124,0.0,36768,96,3399374,0.001,1021.3037132110595,578.947646118164
996,3567374,3485.06,-17110.32255117,0.0,36863,96,3403374,0.001,1052.22523727417,581.5465346679688
997,3571374,3485.06,-17022.20908944,0.0,36957,96,3407374,0.001,1060.905195602417,581.0053601379394
998,3575374,3485.06,-17122.78840981,0.0,37053,96,3411374,0.001,1045.8697055358887,579.9271712036133
999,3579374,3485.06,-16891.0200878,0.0,37145,96,3415374,0.001,1024.0978919830322,578.1877875061035
1000,3580795,3459.27,-16660.82859803,0.0,37213,96,3419374,0.001,1023.9100507659912,577.6868696594238
1001,3584795,3459.27,-16250.489531979998,0.0,37272,96,3420795,0.001,1010.1495944190243,575.8613353460607
1002,3588238,3455.29,-16347.162692219998,0.0,37361,96,3424795,0.001,992.6382324676514,575.7229433288575
1003,3588470,3442.65,-16330.300346659998,0.0,37409,95,3428238,0.001,1013.4846569884492,573.8679717415024
1004,3592470,3442.65,-16458.830701029998,0.0,37458,95,3428470,0.001,976.4390929649616,572.6352212840113
1005,3592523,3403.18,-16260.69117238,0.0,37512,95,3432470,0.001,1003.748869430542,574.6847526245117
1006,3596523,3403.18,-16350.049953589998,0.0,37556,95,3432523,0.001,992.4059344597582,572.7731135441707
1007,3600523,3403.18,-16376.02298559,0.0,37648,95,3436523,0.001,1025.749098373413,574.2285606079101
1008,3602032,3378.27,-16236.207297050001,0.0,37716,95,3440523,0.001,1023.390362121582,574.8871753845215
1009,3606032,3400.76,-16333.21055852,0.0,37779,95,3442032,0.001,1020.81995761434,574.3166363242447
1010,3609263,3393.07,-16448.403050079996,0.0,37866,95,3446032,0.001,1020.4384873962402,576.7196331481933
1011,3613263,3414.83,-16569.184467050003,0.0,37949,95,3449263,0.001,1028.367789218611,580.426310082781
1012,3617263,3414.83,-16730.462942050002,0.0,38047,95,3453263,0.001,1001.9049336090088,580.946953125
1013,3621263,3414.83,-16842.033090930003,0.0,38140,94,3457263,0.001,1014.0830951690674,584.4887260742188
1014,3625263,3414.83,-16711.67643841,0.0,38237,94,3461263,0.001,1016.138186706543,582.550780670166
1015,3629263,3414.83,-16544.74577399,0.0,38330,94,3465263,0.001,1004.6861445770263,581.6314401550293
1016,3633263,3437.13,-16671.90700965,0.0,38423,94,3469263,0.001,1014.4791121063232,579.9290652160645
1017,3637263,3444.62,-16806.77344219,0.0,38517,94,3473263,0.001,987.337490447998,575.2512777709961
1018,3641263,3444.62,-17004.28407109,0.0,38620,94,3477263,0.001,1013.0532972717285,574.1521076049804
1019,3643470,3426.69,-16955.52077179,0.0,38695,94,3481263,0.001,994.0533909912109,577.0197432556153
1020,3647470,3426.69,-17172.65131899,0.0,38768,94,3483470,0.001,1031.9305490166232,576.0893535337586
1021,3650892,3420.91,-17039.843066660003,0.0,38853,93,3487470,0.001,1032.792652496338,578.892997467041
1022,3654892,3420.91,-17032.08820056,0.0,38941,93,3490892,0.001,1008.243488305079,577.2761092417286
1023,3658429,3416.28,-16780.96075082,0.0,39029,93,3494892,0.001,1039.3264128417968,579.2337855529785
1024,3662429,3454.5,-16882.71543389,0.0,39115,93,3498429,0.001,1042.3878390565915,577.9816613866193
1025,3666429,3477.48,-16993.70350037,0.0,39207,93,3502429,0.001,1028.976435195923,577.2636482849122
1026,3670429,3477.48,-16978.846185770002,0.0,39299,93,3506429,0.001,1020.2993713989258,577.1774807434082
1027,3674429,3477.48,-16963.37281366,0.0,39391,93,3510429,0.001,1054.661513168335,578.0427371520996
1028,3678429,3477.48,-16976.38828434,0.0,39482,93,3514429,0.001,1024.4172045898438,577.7766675720214
1029,3682429,3477.48,-16974.249761560004,0.0,39583,93,3518429,0.001,1025.8145513610839,577.5951537475586
1030,3686429,3477.48,-16829.258702280003,0.0,39678,92,3522429,0.001,1016.137551147461,579.340044921875
1031,3690429,3477.48,-16501.234611199998,0.0,39770,92,3526429,0.001,1022.6218828277588,579.7564462280274
1032,3694429,3508.44,-16653.15073712,0.0,39863,92,3530429,0.001,1013.7777976226806,581.4584013671875
1033,3698429,3508.44,-16847.683541450002,0.0,39960,92,3534429,0.001,1036.1258520202637,581.9763681640625
1034,3698768,3471.83,-16767.086803240003,0.0,40017,92,3538429,0.001,1008.8835510864258,581.1038658447266
1035,3698863,3432.78,-16655.747412380002,0.0,40025,92,3538768,0.001,1069.119592357174,580.0122389849495
1036,3702863,3454.92,-16831.02088746,0.0,40071,92,3538863,0.001,1071.5780941611843,578.5786574343417
1037,3706863,3454.92,-16739.40850193,0.0,40164,92,3542863,0.001,1013.4302378692627,579.9368886413574
1038,3710863,3454.92,-16924.618590069997,0.0,40263,92,3546863,0.001,995.466336730957,578.5327504882813
1039,3714863,3454.92,-16961.30266709,0.0,40361,92,3550863,0.001,1019.976328414917,575.1538186340332
1040,3718863,3454.92,-16992.51566492,0.0,40454,91,3554863,0.001,1028.4950728149413,576.4775712585449
1041,3719552,3421.81,-16879.588568590003,0.0,40514,91,3558863,0.001,1013.8555116882325,580.0796916503906
1042,3723552,3456.47,-17017.08438698,0.0,40566,91,3559552,0.001,1022.1299288767689,580.4443343452785
1043,3727552,3456.47,-17129.76473241,0.0,40663,91,3563552,0.001,1020.238685470581,582.9626348266602
1044,3731552,3471.27,-17440.21310538,0.0,40762,91,3567552,0.001,1018.5194590454101,586.3718062438965
1045,3735552,3471.27,-17583.78784589,0.0,40861,91,3571552,0.001,977.0083285217286,587.341737121582
1046,3739552,3503.26,-17605.75142167,0.0,40953,91,3575552,0.001,1000.7514410095215,586.0659039611817
1047,3740640,3474.14,-17539.76560096,0.0,41016,91,3579552,0.001,1036.9950108947753,585.2797998046875
1048,3744640,3474.14,-17438.130671409996,0.0,41075,91,3580640,0.001,1052.2711691575892,584.5419144349939
1049,3746047,3485.45,-17455.842765519996,0.0,41142,91,3584640,0.001,1020.6736500396729,586.3846441345215
1050,3746048,3445.46,-17207.37856033,0.0,41163,91,3586047,0.001,1009.6619718181553,584.8139925396459
1051,3750048,3445.46,-17143.557180919997,0.0,41204,91,3586048,0.001,911.0755004882812,579.3729248046875
1052,3754048,3481.98,-17316.48917312,0.0,41297,90,3590048,0.001,1036.853961883545,585.3192675476074
1053,3758048,3481.98,-17191.7405334,0.0,41391,90,3594048,0.001,1020.7548403625489,584.7190836181641
1054,3762048,3481.98,-17057.96020265,0.0,41485,90,3598048,0.001,1021.2221510620117,585.8362549438476
1055,3766048,3481.98,-17165.57390189,0.0,41582,90,3602048,0.001,1017.3905938110352,585.4323138122559
1056,3770048,3481.98,-17303.90016934,0.0,41678,90,3606048,0.001,998.5347257537842,586.400236328125
1057,3772239,3463.89,-17258.09810556,0.0,41752,90,3610048,0.001,1014.4376309204101,585.2046069030762
1058,3776239,3503.37,-17476.08212883,0.0,41824,90,3612239,0.001,1034.5621700312981,584.7005857702804
1059,3780239,3503.37,-17601.713817499996,0.0,41919,90,3616239,0.001,1017.7961622009277,586.6355746765137
1060,3784239,3503.37,-17888.68327139,0.0,42015,90,3620239,0.001,1014.5106697692871,586.8073552246094
1061,3788239,3503.37,-17907.995346249998,0.0,42121,89,3624239,0.001,993.4000646362305,586.9319559631348
1062,3792239,3503.37,-17780.83412,0.0,42219,89,3628239,0.001,995.5453495635986,589.1074676513672
1063,3796239,3521.68,-17952.042131629998,0.0,42314,89,3632239,0.001,984.8187419891358,585.8431111450195
1064,3796425,3483.54,-17590.697223459996,0.0,42369,89,3636239,0.001,1002.5775191955566,586.2992633666992
1065,3800425,3507.87,-17810.28568364,0.0,42417,89,3636425,0.001,967.4125008531796,585.9422213646674
1066,3802369,3525.29,-17899.582143069998,0.0,42489,89,3640425,0.001,992.2139997253418,587.3464152832031
1067,3802842,3490.02,-17770.214033379998,0.0,42521,89,3642369,0.001,1019.3503034929189,587.1602857927236
1068,3803608,3457.68,-17679.15805821,0.0,42538,89,3642842,0.001,1017.7842307867006,587.6163582459784
1069,3807608,3457.68,-17589.660510870002,0.0,42591,89,3643608,0.001,1021.5487085247787,587.3323698915327
1070,3811608,3457.68,-17624.12414258,0.0,42684,89,3647608,0.001,1032.2466177673339,587.3415629577637
1071,3813056,3432.98,-17418.47085062,0.0,42752,89,3651608,0.001,1037.1544135131835,586.875562286377
1072,3814090,3403.32,-17204.17955393,0.0,42784,89,3653056,0.001,1042.851162104317,586.3691135638327
1073,3818090,3403.32,-17422.59185457,0.0,42848,89,3654090,0.001,1031.6494085138495,585.7647041601185
1074,3821380,3396.22,-17181.48288553,0.0,42934,89,3658090,0.001,1031.3698651428222,588.1310147094727
1075,3825380,3420.06,-17474.340541359998,0.0,43022,88,3661380,0.001,1032.289478893338,588.710824445823
1076,3826561,3391.87,-17134.191299690003,0.0,43086,88,3665380,0.001,1009.8169615020752,589.5406843872071
1077,3830561,3391.87,-17325.7062069,0.0,43148,88,3666561,0.001,1006.0814873600895,588.757538876291
1078,3831002,3356.28,-17102.67456587,0.0,43205,88,3670561,0.001,1022.9147100067139,590.3378688049316
1079,3835002,3356.28,-17211.42071827,0.0,43254,88,3671002,0.001,1004.1961852612138,589.9733129993283
1080,3839002,3356.28,-17348.76075225,0.0,43353,88,3675002,0.001,1040.3733814239501,592.451785003662
1081,3843002,3356.28,-17539.593565720003,0.0,43452,88,3679002,0.001,1018.2431930541992,594.3130137329101
1082,3847002,3356.28,-17707.136663,0.0,43552,88,3683002,0.001,1006.547984664917,591.2946054077148
1083,3849354,3339.8,-17721.138519250002,0.0,43630,88,3687002,0.001,1006.5692204284668,589.9900203247071
1084,3853354,3339.8,-17771.04456632,0.0,43702,88,3689354,0.001,1024.136015314634,589.08528054166
1085,3854506,3311.32,-17456.493678930005,0.0,43766,88,3693354,0.001,1034.061162475586,589.977960784912
1086,3858506,3311.32,-17425.13416869,0.0,43825,88,3694506,0.001,1023.3532033496433,589.5861818525526
1087,3862506,3311.32,-17660.04599755,0.0,43922,87,3698506,0.001,1017.680202468872,590.517027770996
1088,3866506,3311.32,-17806.15177077,0.0,44018,87,3702506,0.001,992.5323130493164,589.9174724121094
1089,3867112,3277.38,-17623.936702580002,0.0,44077,87,3706506,0.001,989.3114019622802,588.1777690734863
1090,3871112,3277.38,-17594.30166755,0.0,44130,87,3707112,0.001,1003.655994478232,586.9601982292955
1091,3875112,3277.38,-17598.27934551,0.0,44227,87,3711112,0.001,1020.651604171753,586.3391257324218
1092,3876757,3253.83,-17483.439782960002,0.0,44296,87,3715112,0.001,1019.63183102417,587.2420054626465
1093,3880757,3253.83,-17453.997840559998,0.0,44363,87,3716757,0.001,1000.7882743487604,586.9015439815474
1094,3884757,3253.83,-17299.49164967,0.0,44458,87,3720757,0.001,993.9616575164795,585.9191566162109
1095,3888757,3253.83,-17342.285810569996,0.0,44561,87,3724757,0.001,998.9288373718261,587.5166358337402
1096,3892314,3249.4,-17093.20644933,0.0,44652,87,3728757,0.001,995.0354842834473,588.2826924133301
1097,3896314,3249.4,-17218.56345117,0.0,44745,87,3732314,0.001,1011.5746228483778,589.9827848266121
1098,3900314,3249.4,-17122.728380319997,0.0,44842,86,3736314,0.001,1001.5154872131347,590.9111521911622
1099,3904314,3249.4,-17419.89213772,0.0,44945,86,3740314,0.001,1028.6891883392334,592.0603925476074
1100,3905918,3251.23,-17411.26905747,0.0,45017,86,3744314,0.001,1009.653846572876,595.0152362976074
1101,3909918,3251.23,-17507.51625406,0.0,45085,86,3745918,0.001,1049.467789685637,594.9547686874123
1102,3913918,3256.8,-17648.92179077,0.0,45190,86,3749918,0.001,1041.7834705352784,596.0177656555176
1103,3917918,3294.48,-17713.34493572,0.0,45287,86,3753918,0.001,1015.0566110534668,597.1351437683105
1104,3921918,3294.48,-17796.0321918,0.0,45393,86,3757918,0.001,993.1237729949951,595.9700584106446
1105,3925918,3333.95,-17861.216978670003,0.0,45487,86,3761918,0.001,991.3131918334961,591.2897103881836
1106,3928173,3316.5,-17801.681318970004,0.0,45565,86,3765918,0.001,997.9760358428955,589.002248260498
1107,3932173,3316.5,-17977.419059620002,0.0,45639,86,3768173,0.001,1016.0873058513633,588.530788689032
1108,3936173,3341.41,-18191.036117630003,0.0,45738,86,3772173,0.001,1029.186553024292,590.1799201660157
1109,3937595,3315.63,-18083.174311400002,0.0,45810,85,3776173,0.001,985.9957715911866,587.6117331848144
1110,3941595,3323.32,-17969.30368538,0.0,45872,85,3777595,0.001,1031.309684313467,585.8764724838751
1111,3945595,3323.32,-18099.827876170002,0.0,45972,85,3781595,0.001,987.6571616363525,584.7761140441894
1112,3949595,3323.32,-18122.76589739,0.0,46076,85,3785595,0.001,981.7720949554443,585.5989049682618
1113,3953595,3323.32,-18083.75777306,0.0,46174,85,3789595,0.001,954.7031720886231,583.4443934020996
1114,3957595,3323.32,-17917.12685927,0.0,46271,85,3793595,0.001,1015.9836133880615,581.773095703125
1115,3961595,3323.32,-18156.3272292,0.0,46378,85,3797595,0.001,1012.6400221862793,583.1238263854981
1116,3965595,3323.32,-18152.528813330002,0.0,46476,85,3801595,0.001,960.7016393127442,580.7771890563965
1117,3969595,3323.32,-18052.412350090002,0.0,46572,85,3805595,0.001,1000.4258209991455,584.2932056884765
1118,3973595,3323.32,-17770.886755479998,0.0,46671,85,3809595,0.001,978.9680494995117,583.5599319152832
1119,3977595,3341.25,-18059.849030439997,0.0,46771,85,3813595,0.001,970.5750940856933,582.9526268310547
1120,3981595,3341.25,-18156.465382879996,0.0,46870,84,3817595,0.001,950.9169045562744,583.7971994323731
1121,3985595,3347.03,-18177.672921179998,0.0,46964,84,3821595,0.001,955.6367378387451,588.1966519775391
1122,3989595,3347.03,-18191.680019609998,0.0,47062,84,3825595,0.001,950.0777925720215,588.4289781494141
1123,3993595,3351.66,-18448.372410719996,0.0,47163,84,3829595,0.001,984.4630948486329,589.0276637268066
1124,3997595,3351.66,-18674.469160209996,0.0,47262,84,3833595,0.001,958.5533288269042,590.8644403991699
1125,4000674,3342.45,-18716.92282757,0.0,47351,84,3837595,0.001,947.6660658721923,589.1594953308105
1126,4004674,3342.45,-18786.86531675,0.0,47435,84,3840674,0.001,961.3827165961072,588.7665698559254
